"","X3","X8","X16","X17","X18","X26","X28","X30","X32","X33"
"10001",NA,NA,NA,NA,NA,NA,NA,NA,NA,NA
"10002",NA,NA,NA,NA,NA,NA,NA,5,NA,NA
"10003",NA,NA,NA,NA,NA,NA,NA,3,NA,NA
"10004",NA,NA,NA,NA,NA,NA,NA,NA,NA,NA
"10005",NA,NA,NA,NA,NA,NA,NA,NA,NA,NA
"10006",NA,NA,NA,NA,NA,NA,NA,NA,NA,NA
"10007",NA,2,NA,NA,NA,NA,NA,NA,NA,NA
"10008",NA,NA,NA,NA,NA,NA,NA,NA,NA,NA
"10009",NA,4,NA,NA,NA,NA,NA,4,NA,NA
"10010",NA,NA,NA,NA,NA,NA,NA,3,3,NA
"10011",NA,NA,NA,NA,NA,NA,NA,5,NA,NA
"10012",NA,NA,NA,NA,NA,NA,4,4,NA,NA
"10013",NA,NA,NA,NA,NA,NA,NA,2,NA,NA
"10014",NA,NA,NA,NA,NA,NA,NA,4,NA,NA
"10015",NA,4,NA,NA,NA,NA,NA,NA,NA,NA
"10016",NA,2,NA,NA,NA,NA,NA,4,NA,NA
"10017",NA,NA,NA,NA,NA,NA,4,3,NA,NA
"10018",NA,4,NA,NA,NA,NA,NA,4,NA,4
"10019",NA,NA,NA,NA,NA,NA,NA,5,NA,NA
"10020",NA,NA,NA,NA,NA,NA,NA,4,NA,NA
"10021",4,NA,NA,NA,NA,NA,NA,2,NA,NA
"10022",NA,NA,NA,NA,NA,NA,NA,4,NA,NA
"10023",NA,NA,NA,NA,5,NA,NA,NA,NA,NA
"10024",NA,NA,NA,NA,NA,NA,NA,NA,NA,NA
"10025",NA,NA,NA,NA,4,NA,5,NA,NA,NA
"10026",NA,NA,NA,NA,NA,NA,5,NA,NA,NA
"10027",NA,NA,NA,NA,NA,NA,NA,NA,NA,NA
"10028",NA,NA,NA,NA,NA,NA,NA,4,NA,NA
"10029",NA,NA,NA,NA,NA,NA,NA,NA,NA,NA
"10030",NA,NA,NA,NA,NA,NA,3,4,NA,NA
"10031",NA,NA,NA,NA,NA,NA,4,NA,NA,NA
"10032",NA,NA,NA,3,NA,NA,NA,4,NA,NA
"10033",NA,NA,NA,NA,NA,NA,NA,NA,NA,NA
"10034",NA,NA,NA,NA,NA,NA,NA,NA,NA,NA
"10035",NA,NA,NA,NA,NA,NA,NA,5,NA,NA
"10036",NA,NA,NA,NA,NA,3,NA,4,NA,NA
"10037",NA,NA,NA,NA,NA,NA,3,5,NA,NA
"10038",NA,NA,NA,NA,NA,NA,NA,NA,NA,NA
"10039",NA,NA,NA,NA,NA,NA,NA,3,NA,NA
"10040",NA,NA,NA,NA,NA,NA,NA,NA,NA,NA
"10041",NA,NA,NA,3,NA,NA,NA,4,NA,NA
"10042",NA,NA,NA,NA,NA,NA,1,NA,NA,NA
"10043",NA,NA,NA,NA,NA,NA,NA,4,NA,NA
"10044",NA,5,NA,NA,NA,NA,NA,NA,NA,NA
"10045",NA,2,NA,NA,5,NA,NA,5,NA,NA
"10046",NA,NA,NA,NA,NA,NA,NA,4,NA,NA
"10047",NA,NA,3,3,4,NA,NA,5,NA,NA
"10048",NA,NA,NA,NA,NA,NA,2,NA,NA,3
"10049",NA,NA,NA,NA,NA,NA,NA,5,NA,NA
"10050",NA,NA,NA,NA,2,NA,NA,NA,NA,NA
"10051",NA,NA,NA,NA,NA,NA,NA,5,NA,NA
"10052",NA,NA,NA,NA,4,NA,3,NA,NA,NA
"10053",NA,NA,NA,NA,NA,NA,NA,4,NA,NA
"10054",NA,NA,NA,NA,NA,NA,NA,4,NA,NA
"10055",NA,NA,NA,NA,NA,NA,NA,NA,NA,2
"10056",NA,NA,NA,NA,5,NA,3,NA,NA,NA
"10057",NA,NA,NA,NA,NA,NA,NA,2,NA,NA
"10058",NA,NA,NA,NA,NA,NA,NA,5,NA,NA
"10059",NA,NA,NA,NA,NA,NA,4,4,NA,NA
"10060",NA,NA,NA,NA,NA,NA,5,4,NA,NA
"10061",NA,NA,NA,NA,NA,NA,NA,4,NA,NA
"10062",NA,NA,NA,NA,NA,NA,4,4,NA,NA
"10063",NA,NA,NA,NA,NA,NA,3,5,NA,NA
"10064",NA,NA,NA,NA,NA,NA,NA,2,NA,5
"10065",NA,NA,NA,NA,NA,NA,NA,NA,NA,NA
"10066",NA,NA,NA,NA,NA,NA,NA,NA,NA,NA
"10067",NA,NA,NA,NA,NA,NA,NA,4,NA,NA
"10068",NA,NA,NA,NA,NA,NA,NA,2,NA,NA
"10069",NA,1,NA,NA,NA,NA,NA,NA,NA,NA
"10070",NA,3,NA,NA,NA,NA,NA,NA,NA,NA
"10071",NA,NA,NA,NA,NA,NA,4,3,NA,NA
"10072",NA,NA,NA,NA,NA,2,4,4,NA,NA
"10073",NA,NA,NA,NA,NA,NA,NA,NA,NA,NA
"10074",NA,NA,NA,NA,NA,NA,4,4,NA,NA
"10075",NA,NA,NA,NA,NA,NA,NA,NA,NA,NA
"10076",NA,NA,NA,NA,NA,NA,NA,NA,NA,NA
"10077",NA,NA,NA,NA,NA,NA,NA,4,NA,NA
"10078",NA,NA,NA,NA,NA,NA,NA,NA,NA,NA
"10079",NA,NA,NA,NA,4,NA,NA,5,NA,NA
"10080",NA,NA,NA,NA,NA,NA,NA,4,NA,NA
"10081",NA,NA,NA,NA,NA,NA,NA,3,NA,NA
"10082",NA,NA,NA,NA,NA,NA,NA,4,NA,NA
"10083",NA,NA,NA,NA,NA,NA,NA,5,NA,NA
"10084",NA,NA,NA,NA,NA,NA,3,NA,NA,NA
"10085",NA,3,NA,NA,NA,NA,NA,3,NA,NA
"10086",NA,NA,NA,NA,NA,NA,NA,3,NA,NA
"10087",NA,NA,NA,NA,NA,NA,NA,NA,NA,NA
"10088",NA,2,NA,NA,NA,NA,NA,NA,NA,NA
"10089",NA,NA,NA,NA,NA,NA,NA,NA,NA,NA
"10090",NA,NA,NA,NA,4,NA,3,NA,NA,NA
"10091",NA,NA,NA,NA,NA,NA,NA,5,NA,NA
"10092",NA,3,NA,NA,NA,NA,NA,3,NA,NA
"10093",NA,NA,NA,NA,NA,NA,NA,3,NA,NA
"10094",NA,NA,NA,NA,NA,NA,NA,3,NA,NA
"10095",NA,NA,NA,NA,NA,NA,3,3,NA,NA
"10096",NA,NA,NA,NA,NA,NA,5,3,NA,NA
"10097",NA,NA,NA,NA,NA,NA,5,NA,NA,NA
"10098",NA,NA,NA,NA,NA,NA,NA,4,NA,NA
"10099",NA,NA,NA,NA,NA,NA,NA,NA,NA,NA
"10100",NA,NA,NA,NA,NA,NA,NA,1,NA,NA
